seed,final_bank,peak_crew,animals_placed,planted_tiles,total_moves,total_acts,total_shed_ops,total_pass,move_share,shed_share,unsold_total,unsold_items,peak_shed_fill,cash_trajectory,milk_price_trajectory,wheat_price_trajectory
42,47064.0,13,8,17,3402,1539,134,1336,0.542,0.0213,0,"{'WHEAT': 0, 'CARROT': 0, 'TOMATO': 0, 'STRAWBERRY': 0, 'MELON': 0, 'EGG': 0, 'MILK': 0, 'WOOL': 0, 'FERTILIZER': 0, 'GOOSE': 0, 'COW': 0, 'SHEEP': 0}",41,"[3000.0, 5.0, 1.0, 8.0, 2.0, 0.0, 76.0, 3.0, 264.0, 9.0, 3375.0, 3456.0, 7809.0, 9257.0, 14748.0, 16393.0, 15598.0, 15865.0, 17493.0, 19838.0, 20455.0, 21809.0, 22021.0, 24259.0, 26197.0, 30880.0, 33327.0, 35677.0, 36914.0, 41796.0]","[160, 169, 172, 175, 187, 196, 203, 213, 221, 229, 223, 230, 231, 240, 244, 252, 260, 269, 278, 284, 291, 295, 303, 311, 317, 321, 327, 332, 338, 343]","[25, 28, 29, 29, 30, 30, 31, 32, 33, 34, 36, 37, 37, 38, 39, 39, 41, 42, 42, 43, 44, 45, 46, 47, 48, 49, 50, 50, 51, 52]"
43,45623.0,13,8,17,3408,1564,155,1362,0.538,0.0245,0,"{'WHEAT': 0, 'CARROT': 0, 'TOMATO': 0, 'STRAWBERRY': 0, 'MELON': 0, 'EGG': 0, 'MILK': 0, 'WOOL': 0, 'FERTILIZER': 0, 'GOOSE': 0, 'COW': 0, 'SHEEP': 0}",44,"[3000.0, 5.0, 1.0, 8.0, 2.0, 0.0, 76.0, 63.0, 150.0, 68.0, 2896.0, 2144.0, 4815.0, 6428.0, 11908.0, 13456.0, 16622.0, 15550.0, 16860.0, 18808.0, 22574.0, 24932.0, 25225.0, 27701.0, 31659.0, 32609.0, 37874.0, 39173.0, 40931.0, 41893.0]","[160, 169, 172, 175, 177, 179, 181, 191, 199, 205, 195, 207, 208, 217, 218, 226, 230, 239, 246, 254, 259, 265, 272, 279, 285, 293, 297, 304, 310, 317]","[25, 28, 29, 29, 29, 29, 29, 30, 30, 30, 32, 33, 33, 34, 35, 35, 36, 38, 38, 39, 40, 41, 42, 43, 44, 44, 45, 46, 47, 47]"
44,43232.0,13,8,17,3410,1563,155,1361,0.5384,0.0245,0,"{'WHEAT': 0, 'CARROT': 0, 'TOMATO': 0, 'STRAWBERRY': 0, 'MELON': 0, 'EGG': 0, 'MILK': 0, 'WOOL': 0, 'FERTILIZER': 0, 'GOOSE': 0, 'COW': 0, 'SHEEP': 0}",44,"[3000.0, 5.0, 1.0, 8.0, 2.0, 0.0, 76.0, 63.0, 150.0, 68.0, 3299.0, 2545.0, 5271.0, 6894.0, 12338.0, 13894.0, 16930.0, 15897.0, 17128.0, 18968.0, 22456.0, 24618.0, 24779.0, 27095.0, 30897.0, 31754.0, 36430.0, 37594.0, 39121.0, 39983.0]","[160, 169, 172, 175, 187, 196, 203, 208, 214, 218, 206, 211, 208, 213, 209, 214, 215, 223, 228, 232, 232, 235, 242, 248, 254, 260, 261, 266, 270, 276]","[25, 28, 29, 29, 29, 29, 29, 30, 30, 30, 32, 33, 32, 33, 33, 34, 34, 36, 36, 37, 37, 38, 39, 40, 40, 41, 42, 43, 44, 45]"
45,46171.0,13,8,17,3410,1563,155,1361,0.5384,0.0245,0,"{'WHEAT': 0, 'CARROT': 0, 'TOMATO': 0, 'STRAWBERRY': 0, 'MELON': 0, 'EGG': 0, 'MILK': 0, 'WOOL': 0, 'FERTILIZER': 0, 'GOOSE': 0, 'COW': 0, 'SHEEP': 0}",44,"[3000.0, 5.0, 1.0, 8.0, 2.0, 0.0, 76.0, 63.0, 150.0, 68.0, 2896.0, 2142.0, 4808.0, 6431.0, 11929.0, 13485.0, 16666.0, 15654.0, 16966.0, 18914.0, 22680.0, 25038.0, 25419.0, 27907.0, 31883.0, 32849.0, 38206.0, 39628.0, 41413.0, 42389.0]","[160, 169, 172, 175, 177, 179, 181, 191, 199, 205, 195, 207, 208, 217, 218, 226, 230, 239, 246, 254, 259, 265, 274, 282, 290, 298, 302, 309, 315, 322]","[25, 28, 29, 29, 29, 29, 29, 30, 30, 30, 32, 33, 32, 32, 32, 32, 33, 34, 35, 35, 35, 36, 37, 37, 38, 38, 39, 40, 40, 41]"
46,43945.0,13,8,17,3405,1538,134,1340,0.5419,0.0213,0,"{'WHEAT': 0, 'CARROT': 0, 'TOMATO': 0, 'STRAWBERRY': 0, 'MELON': 0, 'EGG': 0, 'MILK': 0, 'WOOL': 0, 'FERTILIZER': 0, 'GOOSE': 0, 'COW': 0, 'SHEEP': 0}",41,"[3000.0, 5.0, 1.0, 8.0, 2.0, 0.0, 76.0, 4.0, 265.0, 18.0, 3102.0, 3179.0, 7287.0, 8735.0, 13939.0, 15571.0, 14669.0, 14905.0, 16509.0, 18650.0, 19223.0, 20359.0, 20549.0, 22724.0, 24529.0, 28907.0, 31216.0, 33389.0, 34533.0, 39097.0]","[160, 169, 172, 175, 187, 196, 203, 208, 214, 218, 206, 211, 208, 217, 218, 226, 234, 243, 252, 259, 268, 273, 281, 288, 294, 297, 302, 307, 312, 316]","[25, 28, 29, 29, 30, 30, 31, 32, 33, 33, 35, 35, 36, 36, 37, 37, 39, 39, 40, 41, 42, 43, 44, 44, 45, 46, 47, 48, 48, 49]"
47,37582.0,13,8,17,3406,1537,134,1340,0.5421,0.0213,0,"{'WHEAT': 0, 'CARROT': 0, 'TOMATO': 0, 'STRAWBERRY': 0, 'MELON': 0, 'EGG': 0, 'MILK': 0, 'WOOL': 0, 'FERTILIZER': 0, 'GOOSE': 0, 'COW': 0, 'SHEEP': 0}",41,"[3000.0, 5.0, 1.0, 8.0, 2.0, 0.0, 76.0, 4.0, 265.0, 18.0, 2699.0, 2772.0, 6679.0, 8127.0, 13134.0, 14785.0, 13834.0, 14113.0, 15751.0, 17721.0, 18272.0, 19029.0, 19164.0, 21237.0, 22736.0, 26124.0, 28063.0, 29669.0, 30570.0, 34170.0]","[160, 169, 172, 175, 177, 179, 181, 191, 199, 205, 187, 196, 190, 198, 194, 201, 203, 209, 214, 215, 219, 218, 221, 224, 226, 221, 222, 222, 224, 222]","[25, 28, 29, 29, 30, 30, 31, 32, 33, 33, 34, 35, 35, 36, 36, 37, 38, 38, 39, 39, 40, 41, 41, 41, 42, 43, 43, 44, 44, 45]"
48,27470.0,13,8,17,3400,1537,134,1340,0.5417,0.0213,0,"{'WHEAT': 0, 'CARROT': 0, 'TOMATO': 0, 'STRAWBERRY': 0, 'MELON': 0, 'EGG': 0, 'MILK': 0, 'WOOL': 0, 'FERTILIZER': 0, 'GOOSE': 0, 'COW': 0, 'SHEEP': 0}",41,"[3000.0, 5.0, 1.0, 8.0, 2.0, 0.0, 76.0, 3.0, 264.0, 9.0, 1830.0, 1911.0, 4964.0, 6412.0, 10341.0, 11955.0, 10452.0, 10657.0, 12221.0, 13580.0, 14010.0, 13883.0, 13939.0, 15835.0, 16980.0, 19210.0, 20744.0, 21841.0, 22500.0, 25271.0]","[160, 169, 172, 175, 177, 179, 181, 183, 185, 186, 131, 133, 110, 112, 91, 93, 99, 114, 129, 131, 143, 139, 152, 169, 175, 150, 154, 154, 169, 154]","[25, 28, 29, 29, 30, 30, 31, 32, 33, 34, 36, 37, 37, 38, 39, 40, 41, 42, 43, 44, 45, 46, 47, 48, 49, 50, 51, 51, 52, 53]"
49,52794.0,13,8,16,3356,1508,132,1413,0.5347,0.021,0,"{'WHEAT': 0, 'CARROT': 0, 'TOMATO': 0, 'STRAWBERRY': 0, 'MELON': 0, 'EGG': 0, 'MILK': 0, 'WOOL': 0, 'FERTILIZER': 0, 'GOOSE': 0, 'COW': 0, 'SHEEP': 0}",41,"[3000.0, 5.0, 1.0, 8.0, 2.0, 0.0, 76.0, 3.0, 264.0, 9.0, 3297.0, 4026.0, 7296.0, 10505.0, 13859.0, 15519.0, 17236.0, 18957.0, 21339.0, 22034.0, 28111.0, 27297.0, 27897.0, 30508.0, 35055.0, 37970.0, 40141.0, 40988.0, 44823.0, 47491.0]","[160, 169, 172, 175, 187, 196, 203, 213, 221, 229, 223, 228, 231, 234, 238, 244, 247, 255, 259, 268, 269, 278, 284, 291, 296, 303, 308, 315, 320, 327]","[25, 28, 29, 29, 30, 30, 31, 32, 33, 34, 36, 36, 37, 37, 38, 38, 40, 40, 41, 41, 42, 43, 44, 44, 45, 46, 47, 48, 48, 49]"
50,43074.0,13,8,17,3400,1537,134,1340,0.5417,0.0213,0,"{'WHEAT': 0, 'CARROT': 0, 'TOMATO': 0, 'STRAWBERRY': 0, 'MELON': 0, 'EGG': 0, 'MILK': 0, 'WOOL': 0, 'FERTILIZER': 0, 'GOOSE': 0, 'COW': 0, 'SHEEP': 0}",41,"[3000.0, 5.0, 1.0, 8.0, 2.0, 0.0, 76.0, 3.0, 264.0, 9.0, 2680.0, 2761.0, 6828.0, 8276.0, 13529.0, 15187.0, 14311.0, 14601.0, 16251.0, 18412.0, 19002.0, 20061.0, 20239.0, 22412.0, 24182.0, 28348.0, 30621.0, 32725.0, 33857.0, 38349.0]","[160, 169, 172, 175, 177, 179, 181, 191, 199, 205, 195, 207, 208, 217, 218, 226, 231, 238, 244, 249, 257, 261, 269, 277, 283, 286, 292, 297, 303, 307]","[25, 28, 29, 29, 30, 30, 31, 32, 33, 34, 36, 37, 37, 38, 39, 39, 41, 42, 42, 43, 44, 45, 46, 47, 48, 49, 50, 51, 52, 52]"
51,35027.0,13,8,17,3400,1537,134,1340,0.5417,0.0213,0,"{'WHEAT': 0, 'CARROT': 0, 'TOMATO': 0, 'STRAWBERRY': 0, 'MELON': 0, 'EGG': 0, 'MILK': 0, 'WOOL': 0, 'FERTILIZER': 0, 'GOOSE': 0, 'COW': 0, 'SHEEP': 0}",41,"[3000.0, 5.0, 1.0, 8.0, 2.0, 0.0, 76.0, 3.0, 264.0, 9.0, 1830.0, 1911.0, 5008.0, 6456.0, 10616.0, 12278.0, 11022.0, 11330.0, 13003.0, 14727.0, 15274.0, 15833.0, 15954.0, 18046.0, 19565.0, 22810.0, 24812.0, 26468.0, 27450.0, 31303.0]","[160, 169, 172, 175, 177, 179, 181, 183, 185, 186, 131, 133, 110, 124, 116, 131, 137, 152, 175, 187, 201, 204, 214, 221, 226, 224, 229, 232, 237, 238]","[25, 28, 29, 29, 30, 30, 31, 32, 33, 34, 36, 37, 37, 38, 39, 40, 41, 42, 43, 44, 45, 46, 47, 48, 49, 51, 52, 52, 53, 54]"
52,44864.0,13,8,17,3484,1514,140,1279,0.555,0.0223,0,"{'WHEAT': 0, 'CARROT': 0, 'TOMATO': 0, 'STRAWBERRY': 0, 'MELON': 0, 'EGG': 0, 'MILK': 0, 'WOOL': 0, 'FERTILIZER': 0, 'GOOSE': 0, 'COW': 0, 'SHEEP': 0}",41,"[3000.0, 5.0, 1.0, 8.0, 2.0, 0.0, 76.0, 3.0, 264.0, 9.0, 3765.0, 3114.0, 6155.0, 8897.0, 14254.0, 15927.0, 19426.0, 19419.0, 20114.0, 22401.0, 25573.0, 28439.0, 27312.0, 28149.0, 30239.0, 33394.0, 37220.0, 37743.0, 40329.0, 42566.0]","[160, 169, 172, 175, 187, 196, 203, 213, 221, 229, 226, 236, 240, 248, 251, 259, 261, 268, 274, 278, 281, 284, 291, 297, 303, 311, 316, 322, 328, 334]","[25, 28, 29, 29, 30, 30, 31, 32, 33, 34, 36, 37, 38, 39, 40, 40, 41, 43, 44, 45, 45, 46, 48, 49, 49, 50, 51, 53, 53, 54]"
53,39125.0,13,8,17,3410,1563,155,1361,0.5384,0.0245,0,"{'WHEAT': 0, 'CARROT': 0, 'TOMATO': 0, 'STRAWBERRY': 0, 'MELON': 0, 'EGG': 0, 'MILK': 0, 'WOOL': 0, 'FERTILIZER': 0, 'GOOSE': 0, 'COW': 0, 'SHEEP': 0}",44,"[3000.0, 5.0, 1.0, 8.0, 2.0, 0.0, 76.0, 62.0, 149.0, 67.0, 2025.0, 1261.0, 3276.0, 4877.0, 9591.0, 11129.0, 13490.0, 12368.0, 13449.0, 15131.0, 18382.0, 20447.0, 20465.0, 22762.0, 26551.0, 27408.0, 32147.0, 33260.0, 34825.0, 35736.0]","[160, 169, 172, 175, 177, 179, 181, 183, 185, 186, 143, 158, 147, 169, 152, 175, 177, 196, 203, 214, 218, 226, 236, 245, 254, 262, 265, 272, 278, 285]","[25, 28, 29, 29, 29, 29, 29, 31, 31, 32, 34, 35, 35, 36, 37, 38, 38, 40, 40, 41, 42, 43, 44, 44, 45, 46, 46, 47, 48, 48]"
54,45394.0,13,8,17,3406,1537,134,1340,0.5421,0.0213,0,"{'WHEAT': 0, 'CARROT': 0, 'TOMATO': 0, 'STRAWBERRY': 0, 'MELON': 0, 'EGG': 0, 'MILK': 0, 'WOOL': 0, 'FERTILIZER': 0, 'GOOSE': 0, 'COW': 0, 'SHEEP': 0}",41,"[3000.0, 5.0, 1.0, 8.0, 2.0, 0.0, 76.0, 4.0, 265.0, 18.0, 3102.0, 3175.0, 7365.0, 8813.0, 14141.0, 15755.0, 14918.0, 15129.0, 16704.0, 18963.0, 19551.0, 20872.0, 21079.0, 23286.0, 25167.0, 29814.0, 32195.0, 34465.0, 35650.0, 40356.0]","[160, 169, 172, 175, 187, 196, 203, 208, 214, 218, 211, 220, 220, 231, 235, 244, 253, 263, 272, 278, 285, 290, 297, 303, 308, 311, 316, 320, 325, 328]","[25, 28, 29, 29, 30, 30, 31, 32, 33, 33, 34, 35, 35, 35, 36, 36, 37, 38, 38, 39, 39, 41, 41, 42, 42, 44, 44, 45, 45, 46]"
55,35952.0,13,8,17,3406,1537,134,1340,0.5421,0.0213,0,"{'WHEAT': 0, 'CARROT': 0, 'TOMATO': 0, 'STRAWBERRY': 0, 'MELON': 0, 'EGG': 0, 'MILK': 0, 'WOOL': 0, 'FERTILIZER': 0, 'GOOSE': 0, 'COW': 0, 'SHEEP': 0}",41,"[3000.0, 5.0, 1.0, 8.0, 2.0, 0.0, 76.0, 4.0, 265.0, 18.0, 1849.0, 1922.0, 4963.0, 6411.0, 10441.0, 12034.0, 10675.0, 10839.0, 12366.0, 14137.0, 14634.0, 15315.0, 15460.0, 17523.0, 19089.0, 22833.0, 24899.0, 26767.0, 27758.0, 31796.0]","[160, 169, 172, 175, 177, 179, 181, 183, 185, 186, 131, 133, 110, 124, 116, 131, 150, 185, 200, 211, 223, 228, 238, 246, 252, 253, 259, 263, 269, 272]","[25, 28, 29, 29, 30, 30, 31, 32, 33, 33, 34, 35, 35, 36, 36, 37, 38, 39, 39, 40, 41, 42, 43, 44, 44, 46, 46, 47, 48, 48]"
56,42587.0,13,8,17,3400,1537,134,1340,0.5417,0.0213,0,"{'WHEAT': 0, 'CARROT': 0, 'TOMATO': 0, 'STRAWBERRY': 0, 'MELON': 0, 'EGG': 0, 'MILK': 0, 'WOOL': 0, 'FERTILIZER': 0, 'GOOSE': 0, 'COW': 0, 'SHEEP': 0}",41,"[3000.0, 5.0, 1.0, 8.0, 2.0, 0.0, 76.0, 3.0, 264.0, 9.0, 2680.0, 2761.0, 6629.0, 8077.0, 13080.0, 14694.0, 13687.0, 13898.0, 15473.0, 17563.0, 18125.0, 19149.0, 19333.0, 21496.0, 23274.0, 27496.0, 29789.0, 31951.0, 33099.0, 37691.0]","[160, 169, 172, 175, 177, 179, 181, 191, 199, 205, 187, 196, 190, 203, 205, 215, 224, 235, 244, 252, 261, 267, 275, 283, 289, 293, 300, 307, 314, 319]","[25, 28, 29, 29, 30, 30, 31, 32, 33, 34, 36, 37, 37, 38, 39, 40, 41, 42, 43, 44, 45, 46, 47, 48, 49, 51, 52, 52, 53, 54]"
57,44686.0,13,8,17,3410,1563,155,1361,0.5384,0.0245,0,"{'WHEAT': 0, 'CARROT': 0, 'TOMATO': 0, 'STRAWBERRY': 0, 'MELON': 0, 'EGG': 0, 'MILK': 0, 'WOOL': 0, 'FERTILIZER': 0, 'GOOSE': 0, 'COW': 0, 'SHEEP': 0}",44,"[3000.0, 5.0, 1.0, 8.0, 2.0, 0.0, 76.0, 63.0, 150.0, 68.0, 3299.0, 2545.0, 5271.0, 6894.0, 12338.0, 13894.0, 16930.0, 15908.0, 17144.0, 18990.0, 22547.0, 24777.0, 25010.0, 27399.0, 31262.0, 32159.0, 37160.0, 38461.0, 40128.0, 41083.0]","[160, 169, 172, 175, 187, 196, 203, 208, 214, 218, 206, 211, 208, 213, 209, 214, 215, 223, 228, 235, 238, 244, 252, 260, 267, 277, 281, 289, 296, 304]","[25, 28, 29, 29, 29, 29, 29, 30, 30, 30, 32, 33, 32, 33, 33, 34, 34, 35, 35, 36, 36, 36, 38, 38, 39, 39, 40, 41, 42, 42]"
58,39477.0,13,8,17,3400,1537,134,1340,0.5417,0.0213,0,"{'WHEAT': 0, 'CARROT': 0, 'TOMATO': 0, 'STRAWBERRY': 0, 'MELON': 0, 'EGG': 0, 'MILK': 0, 'WOOL': 0, 'FERTILIZER': 0, 'GOOSE': 0, 'COW': 0, 'SHEEP': 0}",41,"[3000.0, 5.0, 1.0, 8.0, 2.0, 0.0, 76.0, 3.0, 264.0, 9.0, 2682.0, 2762.0, 6655.0, 8103.0, 13068.0, 14695.0, 13662.0, 13883.0, 15463.0, 17442.0, 17978.0, 18782.0, 18937.0, 21023.0, 22613.0, 26312.0, 28388.0, 30256.0, 31256.0, 35312.0]","[160, 169, 172, 175, 177, 179, 181, 191, 199, 205, 187, 196, 190, 198, 194, 201, 208, 218, 226, 230, 236, 238, 243, 248, 252, 253, 259, 263, 269, 272]","[25, 28, 29, 29, 30, 30, 31, 32, 33, 34, 36, 36, 37, 37, 38, 39, 40, 41, 42, 42, 43, 44, 45, 46, 47, 48, 48, 49, 50, 50]"
59,38983.0,13,8,17,3400,1537,134,1340,0.5417,0.0213,0,"{'WHEAT': 0, 'CARROT': 0, 'TOMATO': 0, 'STRAWBERRY': 0, 'MELON': 0, 'EGG': 0, 'MILK': 0, 'WOOL': 0, 'FERTILIZER': 0, 'GOOSE': 0, 'COW': 0, 'SHEEP': 0}",41,"[3000.0, 5.0, 1.0, 8.0, 2.0, 0.0, 76.0, 3.0, 264.0, 9.0, 3083.0, 3164.0, 7268.0, 8716.0, 13877.0, 15514.0, 14555.0, 14814.0, 16438.0, 18467.0, 19028.0, 19810.0, 19955.0, 22056.0, 23615.0, 27014.0, 29020.0, 30700.0, 31647.0, 35393.0]","[160, 169, 172, 175, 187, 196, 203, 208, 214, 218, 206, 211, 208, 213, 210, 215, 217, 221, 226, 226, 230, 228, 232, 234, 235, 231, 232, 232, 234, 232]","[25, 28, 29, 29, 30, 30, 31, 32, 33, 34, 36, 37, 37, 38, 39, 40, 41, 42, 43, 44, 45, 46, 47, 48, 49, 51, 52, 52, 53, 54]"
60,23772.0,13,8,17,3400,1537,134,1340,0.5417,0.0213,0,"{'WHEAT': 0, 'CARROT': 0, 'TOMATO': 0, 'STRAWBERRY': 0, 'MELON': 0, 'EGG': 0, 'MILK': 0, 'WOOL': 0, 'FERTILIZER': 0, 'GOOSE': 0, 'COW': 0, 'SHEEP': 0}",41,"[3000.0, 5.0, 1.0, 8.0, 2.0, 0.0, 76.0, 3.0, 264.0, 9.0, 1830.0, 1911.0, 4989.0, 6437.0, 10400.0, 12027.0, 10543.0, 10764.0, 12344.0, 13491.0, 13877.0, 13214.0, 13194.0, 14942.0, 15703.0, 16795.0, 18012.0, 18756.0, 19296.0, 21770.0]","[160, 169, 172, 175, 177, 179, 181, 183, 185, 186, 131, 133, 110, 112, 91, 93, 87, 89, 91, 80, 80, 63, 76, 87, 91, 87, 103, 116, 137, 141]","[25, 28, 29, 29, 30, 30, 31, 32, 33, 34, 36, 37, 37, 38, 39, 39, 41, 42, 42, 43, 44, 45, 46, 47, 48, 49, 50, 51, 52, 52]"
61,41500.0,13,8,17,3400,1537,134,1340,0.5417,0.0213,0,"{'WHEAT': 0, 'CARROT': 0, 'TOMATO': 0, 'STRAWBERRY': 0, 'MELON': 0, 'EGG': 0, 'MILK': 0, 'WOOL': 0, 'FERTILIZER': 0, 'GOOSE': 0, 'COW': 0, 'SHEEP': 0}",41,"[3000.0, 5.0, 1.0, 8.0, 2.0, 0.0, 76.0, 3.0, 264.0, 9.0, 2682.0, 2762.0, 6655.0, 8103.0, 13140.0, 14767.0, 13792.0, 14008.0, 15578.0, 17602.0, 18143.0, 19061.0, 19232.0, 21351.0, 23051.0, 27170.0, 29378.0, 31445.0, 32524.0, 36885.0]","[160, 169, 172, 175, 177, 179, 181, 191, 199, 205, 187, 196, 190, 203, 205, 215, 221, 228, 235, 242, 249, 254, 263, 271, 278, 281, 287, 292, 298, 302]","[25, 28, 29, 29, 30, 30, 31, 32, 33, 34, 36, 36, 37, 37, 38, 39, 40, 41, 41, 42, 43, 44, 44, 45, 46, 47, 48, 48, 49, 50]"
